"unique_id,crawl_date,crawl_timestamp,hotel_name,hotel_type_&_speciality,page_url,mmt_assured,safety_protocols_partner,safety_and_hygiene_measures,prepayment_required,country,state/_ut,city,hotel_address,facility,facilities_rating,couple_friendly,check-in_timing,check-out_timing,hotel_overview,amenities,hotel_star_rating,host_name,host_working_experience,hosting_since,interests,property_highlights,hotel_location_&_surroundings,restaurants_at_property,total_rooms,room_categories,room_amenities,activities_nearby,outdoor_sports/activities,general_services,transfers,beauty_&_spa,basic_facilities,health_&_wellness,food_&_drinks,safety_&_hygiene,average_rating,average_review,safety_&_hygiene_avg_rating,child_friendliness_avg_rating,location_avg_rating,total_photos,photos_urls,review_keywords"
"20090106161513779,12/12/20,12/12/2020 10:41:27,Beleza by the beach,Premium | Luxurious Business Stays,https://www.makemytrip.com/hotels/hotel-details?hotelId=20090106161513779&mtkeys=N$$s9rHC9RN7n9yYe7Y9Qr6GdkYhor%2F6HV26RSBR6LiprFPxv6t1qAT1JzvLDVln6c3jQPqBBFIUnAb0%2FL2xuygOShSqA68unPQZUA5CCr8nZAChCOYKj5Lb5CFBYfIsrbkJp6y4HdqV%2FFe4loYtsUhiG92ET6V%2FIngpM3ZP7WL2T2BIf1SRDLmXu%2BhZ4K1iBAZ4WqbGfywtP%2BvMgegEHKY4TAnzzuRsdobNqF38pKRy30%2FD7cl2FjN3iyFcuAmQAG2irNjntjDtNzAJCo%2FUCj4s2CV76IGWiGRRshbJnax7%2Fovpy%2BamiwwnJc%2FAkPk4Hp110ytSyLszTI%3D&_uCurrency=INR&checkin=12282020&checkout=12292020&city=CTGOI&cmp=SEO&country=IN&lat=15.29107&lng=73.91081&locusId=CTGOI&locusType=city&modifyDates=true&rank=1&roomStayQualifier=1e0e&searchText=Goa&seoReq=1607001058026,Yes,MySafety,""['Sanitized Environment | ', 'Trained Staff | ', 'Safe Practices | ', 'Safe Dining | ']"",Yes,India, Goa,Salcete,""Thandwaddo, Betalbatim,Salcete, Goa"",""['Free Parking | ', 'Kids Play Area | ', 'Free Wi-Fi | ', 'Outdoor Sports | ']"",3.9/5,3.9/5,,2 PM,""Set right by the calming golden sands of Colva, Beleza By The Beach offers a dreamy tropical stay, enriched with unique services and luxury rooms housed in gorgeous villas."",The resort features two outdoor pools with a dedicated small pool for kids.,,,,,,""['Free Parking | ', 'Kids Play Area | ', 'Free Wi-Fi | ', 'Outdoor Sports | ']"",,,,,,,,,,,,,,,,,,,,,,"
"200706181230205956,12/12/20,12/12/2020 10:41:31,""Taj Holiday Village Resort & Spa,Sinquerim,Goa"",Premium | Luxurious Business Stays,https://www.makemytrip.com/hotels/hotel-details?hotelId=200706181230205956&mtkeys=N$$s9rHC9RN7n9KABHi40NHeZWWUJjN8qNzmeoiRqhKYgRrIgtMIkUeWohA8lRt69AG3X99%2BD6VKmt3%2FZlsDNfJWT7T7h9sthJeXb4bGDvwnFRUCoV0ufZ9ALWse6Wsr45F1YxJflx4m6mFA4BTzArvDw9ivWKUnGj1q3XDpMd85nWfB5I3g4Fe%2FshnpIe9TP81ss1zMe8ksdmBVYa2krv4yX7Y0AsuqScV%2BOJnfRMY6XeG%2FFOz%2FeSm95L7VuPAz8YlOp0Z8m0f0568rKMHh5nPTVDS7Br94WNB7sk%2BMkuTSJqPC8guc2MCbxxPoHvH0267RxViZsYqqxt5wJ7tM6frXQ%3D%3D&_uCurrency=INR&checkin=12282020&checkout=12292020&city=CTGOI&cmp=SEO&country=IN&lat=15.49967&lng=73.76706&locusId=CTGOI&locusType=city&modifyDates=true&rank=2&roomStayQualifier=1e0e&searchText=Goa&seoReq=1607001058026,Yes,,[],Yes,India, P O Candolim,Sinquerim Beach,""Sinquerim Beach, P O Candolim"",""['Doctor on Call | ', 'Childcare Services | ', 'Free Wi-Fi | ', 'Outdoor Sports | ']"",4.4/5,4.4/5,,2 PM,""Experience a getaway like no other at the Taj Holiday Village Resort and Spa, amongst luxurious cottages and villas surrounded by lush gardens and the astounding view of the beach."",Enjoy signature wellness therapies at the on-site Jiva Spa. ,,,,,,""['Doctor on Call | ', 'Childcare Services | ', 'Free Wi-Fi | ', 'Outdoor Sports | ']"",,,,,,,,,,,,,,,,,,,,,,"
"200808160937473824,12/12/20,12/12/2020 10:41:55,Resort Terra Paraiso - A Beach Property.,Premium | Luxurious Business Stays,https://www.makemytrip.com/hotels/hotel-details?hotelId=200808160937473824&mtkeys=N$$s9rHC9RN7n%2BKYuJ5NbQ2iuNGn36deLU3nIzXUe1Qb1U2%2FoXwlyLOD6P2vrsIAVufSXcCFNsyEJnQDJkDfLh0yv%2FmX6xmOYdnwXdWg7V8v721LSBXAsJQUY2mrvJ7pxxL0520uZbfoeRjnVuPKd0LKNDgSeqqCBAoUvxS4DvDpBUL3T3Ny8gcfTA2i%2FeSvsaanNv3UOOjSWWQmli4qubFfWMwMI5QgBglnXdwSSeu9xfrcOCfLhCAnNUU%2FBjpo9cv8WPlgKpRjJVQ3c5gfEGXtSrM1HXkA9ottehdMbQY3Cpeaqei7upQbnpYxYiAR8mO&_uCurrency=INR&checkin=12282020&checkout=12292020&city=CTGOI&cmp=SEO&country=IN&lat=15.53645&lng=73.75955&locusId=CTGOI&locusType=city&modifyDates=true&rank=3&roomStayQualifier=1e0e&searchText=Goa&seoReq=1607001058026,Yes,MySafety,""['Sanitized Environment | ', 'Trained Staff | ', 'Safe Practices | ', 'Safe Dining | ']"",Yes,India, Bardez Goa, Calangute,""Gauravaddo, Opp Lane Of Pizza Hut , Calangute, Bardez Goa"",""['Free Parking | ', 'Free Wi-Fi | ', 'Lawn | ', 'Bar | ']"",4.3,4.3,,2 PM,Visit the breath-taking seaside abode flanked by deep blue seas on one side.,It has two outdoor swimming pools of which one is with a swim-up bar and both have designated shallow water areas for kids.,,,,,,""['Free Parking | ', 'Free Wi-Fi | ', 'Lawn | ', 'Bar | ']"",,,,,,,,,,,,,,,,,,,,,,"
"200703241029455940,12/12/20,12/12/2020 10:42:02,Caravela Beach Resort,Premium | Luxurious Business Stays,https://www.makemytrip.com/hotels/hotel-details?hotelId=200703241029455940&mtkeys=N$$s9rHC9RN7n%2FBOcT%2FDR0XLIzXyd6IhBWv29I2dHMAT4ppxrvyxq8QCrxzAJelCDeJI24U%2B1Tcxj2nUlgUfLCYJdoHFazigA2alXil%2BL9WuZz%2FNkb5MymODYXj8XNSBnNl3c7EfMU94TQYsr6vsCY%2FKC%2BVTwQrhlT4ok%2Fs2FGiCcCSCi5smJRqStxSH0KNOy0bDYEiVRgelMjWMGDNXiUNhCYlpeltI7%2FvQPlgBMp85JEo%2F4BIqL8PfK0AUXxCgPjTp4MmqSL9H%2Bi3LnZJUrI7nfU%2B6AKergzB2Xjcs1lPsQwS4pO6%2BqvvTTUMlp5Mwh84Ch0cMUPDqW8%3D&_uCurrency=INR&checkin=12282020&checkout=12292020&city=CTGOI&cmp=SEO&country=IN&lat=15.21118&lng=73.93577&locusId=CTGOI&locusType=city&modifyDates=true&rank=4&roomStayQualifier=1e0e&searchText=Goa&seoReq=1607001058026,Yes,,[],Yes,India, Salcete - Goa, Varca Village,""Varca Beach, Varca Village, Salcete - Goa"",""['Free Parking | ', 'Childcare Services | ', 'Free Wi-Fi | ', 'Outdoor Sports | ']"",3.4/5,3.4/5,1 PM,11 AM,Caravela Beach Resort located in South Goa is a Slice of Heaven renowned for its Luxurious rooms.,Bang on pristine white sand Varca beach overlooking the beautiful Arabian Sea.,,,,,,""['Free Parking | ', 'Childcare Services | ', 'Free Wi-Fi | ', 'Outdoor Sports | ']"",,,,,,,,,,,,,,,,,,,,,,"
"201111231032352264,12/12/20,12/12/2020 10:42:26,Radisson Blu Resort Goa,Premium | Luxurious Business Stays,https://www.makemytrip.com/hotels/hotel-details?hotelId=201111231032352264&mtkeys=N$$s9rHC9RN7n8GYvo38Rz%2F%2FjCLjF3MujMR6oY%2Fr9WmlThECVazE%2FFHZ4Z3GDvk3hd0DU2e0AzRT7R2eTtoKwre%2FPVrjvQYZjFtRocnV63phQFPzKU2vDi35Eo33txdiqjfJMvS7%2BVeFlFf2oHXVwmqUh034yHQkxn6bfh4uo%2FhCIQlC1zKgCne1HZ722%2F06zRhsRxXUE7p0MzXWKtg9eP9hkUHv%2BwS42XnKw%2B3iFDvg2UAdXqNJuFwtLPb2YP2WnfcVlxLOWp%2B5UErunUvfNlud651DZe0lm%2B45C7UZUahCkOWndWTt0wqnFDjsK%2Fu%2FzIFp1KmJsg81a3oJOW1CE6nPJBKXETGejhpD0S9mJ92IDdmZkPTfptqUGTEdzKVp6DFZkjmrGBelv515MKh2r%2FRcBDQSfnIWIowNSP%2BXqKlSIHM5DslpwGRTUKEvu5UIaJt%2FK%2FQTRaOrDm%2F%2BFJr%2B3GeL1qdgGue26sJO08dMtVHz1hvGABlN3biiDTj4h7BdAiIdhxJxoS%2BQNYBCYmWkpjVY8GFFfgggaezILjNjjVL5g47x2JpFGd7%2FjXa6CdMwSnzCifYS7C00Fc%2Fh2NOAvTekRyPvCaRhFEQ6eGmNuE0%2BAoa8O9lzsEUa2jeMHc2J2wnQIv2f6dyN%2BU2i36gu9rmThk68on%2Fw0Xv&_uCurrency=INR&checkin=12282020&checkout=12292020&city=CTGOI&cmp=SEO&country=IN&lat=15.17509&lng=73.94504&locusId=CTGOI&locusType=city&modifyDates=true&rank=5&roomStayQualifier=1e0e&searchText=Goa&seoReq=1607001058026,,,[],Yes,India, South Goa, Cavelossim Salcette,""Cavelossim Beach, Cavelossim Salcette, South Goa"",""['Doctor on Call | ', 'Childcare Services | ', 'Free Wi-Fi | ', 'Free Parking | ']"",4.3/5,4.3/5,,2 PM,""Plush accommodation, premium amenities, Portuguese architecture and a pleasant stay experience await you at the Radisson Blu Resort, Goa."",The in-house Sohum Spa offers a number of holistic wellness treatments.,,,,,,""['Doctor on Call | ', 'Childcare Services | ', 'Free Wi-Fi | ', 'Free Parking | ']"",,,,,,,,,,,,,,,,,,,,,,"
"200701122121192419,12/12/20,12/12/2020 10:43:02,Royal Orchid Beach Resort & Spa,Premium | Luxurious Business Stays,https://www.makemytrip.com/hotels/hotel-details?hotelId=200701122121192419&mtkeys=N$$s9rHC9RN7n9%2FRGkRVci1Qdzs4pKcVtsPn8j3TIaf3gJpejWZLaLS7m7cSZGE3qU%2BWnXL3BuIpAIAuCVNdQ1STObUfogFBryOdaPvy886081iI0dSQDTTOWNXgUaSdmGEW6DC35SVIKpWJ8J5wx4DddS0RGL%2Bo0l0ZCNYh6zMb%2BByPxcqDcLxanWJAKorpwWpZVA9jcnNTZ0XA89gO0Dyrk6%2BIASK1CkySsenCdNGkBQmsxyxY0EgTSV3Dx0W86dhJYa1HyEpEf8IRbSVWaoCftnvBRmiqH9fB1DpDulXMb5tt%2FaG%2FehUVpqbPNJHqzdkGkJs1Sc%2FEf9XOvk3PMBlag%3D%3D&_uCurrency=INR&checkin=12282020&checkout=12292020&city=CTGOI&cmp=SEO&country=IN&lat=15.31985&lng=73.90191&locusId=CTGOI&locusType=city&modifyDates=true&rank=6&roomStayQualifier=1e0e&searchText=Goa&seoReq=1607001058026,,MySafety,""['Sanitized Environment | ', 'Trained Staff | ', 'Safe Practices | ', 'Safe Dining | ']"",Yes,India,South Goa,Salcette,""Utorda Beach,Salcette,South Goa"",""['Free Parking | ', 'Free Wi-Fi | ', 'Lawn | ', 'Bar | ']"",4.4/5,4.4/5,,2 PM,""Located right by the beach, Royal Orchid Beach Resort & Spa offers a refreshing stay experience with various recreational facilities and amazing dining options."",Indulge in rejuventating Ayurvedic massage and special therapies at the in-house Spa centre along with sauna facilities.,,,,,,""['Free Parking | ', 'Free Wi-Fi | ', 'Lawn | ', 'Bar | ']"",,,,,,,,,,,,,,,,,,,,,,"
"20070209145406915,12/12/20,12/12/2020 10:43:16,Radisson Goa Candolim,Premium | Luxurious Business Stays,https://www.makemytrip.com/hotels/hotel-details?hotelId=20070209145406915&mtkeys=N$$s9rHC9RN7n%2FVUzELuR3Vq9m7lNDMA5JHX2zq9KuOLgBzeNuSKUJpeDR%2Bi4HLviebTcR7QyH7Bb0XW%2FQrUFT3AnGtxRsA0ES2rlBrmiVt2W52hOcM%2BwPKp27allEuwBJmW0ChbY1lNSfPosiaFMM1AoZOJpOawVigIy7L%2Fz6PRy5JfDRO8BpgzD66gkOjPb%2ByuxunfLN4DHsFDInGcrytUc5fctZe299sqOfuQ9UdjUZv%2FjgK7QTvWg5RqYOHG%2FBSd5BhE2NbjuMyLfB0X620rEfznO19eLFYHHI8iLCfcYoD5DJhZsyqgA%2BGliHGP7ZPYDbW1uYIaGYyuGoGm6NAPpp5qZEqVEEKW%2Fj3oK9tt0DRNqSaz6MwtxrIqgE%2FDs9n1Hit0y94WsaQe2hdywUPzUOwq1mcYasiVeACl%2Bo2G4nFitXAUSFfXJIFraYmCoVQBuvQWGgw7iPkTMiL0pOXB%2Fy1pUCQXfHm2cmWUXqQXUl5Ok1L3IgA4hsGyni6CGEvXfgz5OqOgbm98JqriiqbanqQZH%2BBmbs05%2Bto6DC8ZOTvPxyHc4ywAvgqk7N5iECz0nEl4A3aE69QbfFonSOhY%2BtQ2lGpZ2DVE%2FiyqMh%2BRKyBUL9fCyliJbNs5D5KoonQhE8yWtZiNCQ%3D&_uCurrency=INR&checkin=12282020&checkout=12292020&city=CTGOI&cmp=SEO&country=IN&lat=15.50944&lng=73.77013&locusId=CTGOI&locusType=city&modifyDates=true&rank=7&roomStayQualifier=1e0e&searchText=Goa&seoReq=1607001058026,,,[],Yes,India, Bardez, Bammonvaddo City: Candolim,""Fort Aguada Road, Bammonvaddo City: Candolim, Bardez"",""['Doctor on Call | ', 'Free Parking | ', 'Restaurant | ', 'Conference Room | ']"",4.3/5,4.3/5,,3 PM,,The hotel offers stylish rooms with a picturesque pool view. ,,,,,,""['Doctor on Call | ', 'Free Parking | ', 'Restaurant | ', 'Conference Room | ']"",,,,,,,,,,,,,,,,,,,,,,"
"201306181430341646,12/12/20,12/12/2020 10:44:01,Country Inn Suites By Radisson Goa Panjim,Premium | Luxurious Business Stays,https://www.makemytrip.com/hotels/hotel-details?hotelId=201306181430341646&mtkeys=N$$s9rHC9RN7n%2BLDMCcig17YDvoLP1xsVFmzHVuSjPx59t0%2B0pQns3kVIh2yXzQqlpcH%2BaocxuDw%2Fi0%2FxS0dEau3%2BJTL4WGpFrDghnzzaONcfyG0c2Cmj9Jqll%2B%2Fpo8D41NoNtnpFxf5NVmLttIXVbwma2ONTfmfJyzuJs6mnbssVaCxEWP%2FQycgKm1%2Fr6xXztoeGbUZfrGqo7RcrpW8Sr2fIyk%2B1%2BkH%2BRZK9awGu%2FRHf%2FyY8tKb%2BvvN%2BvF18cA9Q%2Bg9c0lwhRc76gqf%2FCfdptzPA6GYHZzq8pHJwZ6uBvaLJMXxLCIlpcdqwo5ddYdQnrmhwVSrNZssKKP%2FJAcwBzOKOfpUEimcaD5ndq4sxABGc8mL8ZX8YDLVdxreSGqIXmmk%2B6Kzw5Co%2B9s43VlsYdLlUssNuaFLelBZIVAB1tHv3gWrMFK6zhwgt8FdeFTcvg1YC5vczxvd8BLt2Y8ejdIz%2FVHSQib67bFFbLs%2FFmYfD6lc%2FKwUxgBDw%2BSe2FNBtQcmr4TBFa53%2FGh9f1XbCyw%2BzGa7VGK1SvsUx1j9hrzTCLTO%2BJdfWIC6WQIqgqRMjvrM5mNwKRnUU6710wjG1dkLlEHZ7gTtjDbMgXvyBc4mQEi5XzcR30RLEF8oNPXvqfvLorv7Lp23p0%3D&_uCurrency=INR&checkin=12282020&checkout=12292020&city=CTGOI&cmp=SEO&country=IN&lat=15.49731&lng=73.83&locusId=CTGOI&locusType=city&modifyDates=true&rank=8&roomStayQualifier=1e0e&searchText=Goa&seoReq=1607001058026,,,[],Yes,India, Panjim,Plot No. 31 Edc Patto Plaza,""Plot No. 31 Edc Patto Plaza, Panjim"",""['Free Parking | ', 'Childcare Services | ', 'Free Wi-Fi | ', 'Cafe | ']"",4.2/5,4.2/5,,2 PM,""Stay in the heart of Goa at the highly-modern Country Inn and Suites by Radisson, offering luxurious treatment and pleasant services"",The hotel features a rooftop swimming pool along with poolside benches overlooking stunning city views.,,,,,,""['Free Parking | ', 'Childcare Services | ', 'Free Wi-Fi | ', 'Cafe | ']"",,,,,,,,,,,,,,,,,,,,,,"
"201810091116205895,12/12/20,12/12/2020 10:44:36,""ITC Grand Goa, a Luxury Collection Resort & Spa"",Premium | Luxurious Business Stays,https://www.makemytrip.com/hotels/hotel-details?hotelId=201810091116205895&mtkeys=N$$s9rHC9RN7n8cNCwsLADxIfPhZmM6%2F0%2FbDG14kK7riAmA53td60U2WbmH1Bw8E69nKT%2FWnjP2FrfaTH6sfAjgombzp3E59Dqp015dTCd2B67nLG06kSPBchDVFa8fgAlckJ0mc3YVdhHyPOp%2BIQHd6D7jEsBb8p7Bk1HTAjOzG5%2Bgy1acdmsLvkQaS9Cenukhck12B0ehZoK1BwDa9mkYYTThkdPSe58ZgSWrw24%2BaGX4%2BNtI8DRL0GgTKCt0N5DFXu26PObax%2FKJNT9%2BcZF54xOAgoWk1OA0XtKC49Ls7ZkYZ2QPdd4EYKrJz2qX6RD%2BjoW4BgfAbMM8LjJoqhFlOA%3D%3D&_uCurrency=INR&checkin=12282020&checkout=12292020&city=CTGOI&cmp=SEO&country=IN&lat=15.3277&lng=73.89669&locusId=CTGOI&locusType=city&modifyDates=true&rank=9&roomStayQualifier=1e0e&searchText=Goa&seoReq=1607001058026,Yes,,[],Yes,India, SOUTH GOA 403 712, CANSAULIM,""AROSSIM BEACH, CANSAULIM, SOUTH GOA 403 712"",""['Free Parking | ', 'Kids Play Area | ', 'Childcare Services | ', 'Free Wi-Fi | ']"",4.4/5,4.4/5,,3 PM,""A luxurious beachside property, ITC Grand Goa Resort & Spa is known for its Indo-Portuguese architecture, fine dining options, and recreational facilities."",The outdoor swimming pool with a separate kids pool adds to the fun. ,,,,,,""['Free Parking | ', 'Kids Play Area | ', 'Childcare Services | ', 'Free Wi-Fi | ']"",,,,,,,,,,,,,,,,,,,,,,"
"201601272342285788,12/12/20,12/12/2020 10:45:00,SinQ Signature,Premium | Luxurious Business Stays,https://www.makemytrip.com/hotels/hotel-details?hotelId=201601272342285788&mtkeys=N$$s9rHC9RN7n8tvrFzAMvuedNxa0OcRS08Z%2BlDJxu6CJsCdm0vJTTVW%2F8dvM%2F%2BnQUJ%2FyNGtPBgPaC7GUvxQwtYY%2BMQHIZS3Icc4MY%2F7wCJ9komRDLuIe4goP%2B2Ft2uGHiaxs8jyr5CtC1ydHGdAwwOvQnkdSaI6Mleju5Cy2caB4%2BDOwqe7TkvuZSvEMu1yB2GH5%2B6lnfzex1E0y2pCD%2BP0nPkr4JubyaORSijHJVqDuH7T7wAGS9%2Bjbv2n9a8sshO5W%2FucU2XOvncfF3vEYUQV3TIpms6xrQlRqd48WRug7Evc5HIl2PVtkYtDxK9FOZTJDmmW%2FL0hWs%3D&_uCurrency=INR&checkin=12282020&checkout=12292020&city=CTGOI&cmp=SEO&country=IN&lat=15.54265&lng=73.76355&locusId=CTGOI&locusType=city&modifyDates=true&rank=10&roomStayQualifier=1e0e&searchText=Goa&seoReq=1607001058026,,,[],Yes,India, Bardez Goa, Calangute,""Near Navtara Restaurant, Naika Vaddo, Calangute, Bardez Goa"",""['Free Parking | ', 'Free Wi-Fi | ', 'Bar | ', 'Elevator/Lift | ']"",2.0/5,2.0/5,1 PM,10 AM,""Featuring a stylish architecture SinQ Signature offers an ultimate Goa holiday experience with its prime location, lavish rooms and remarkable service."",Enjoy a swim in the lavish outdoor pool and lounge away at the nearby cabanas.,,,,,,""['Free Parking | ', 'Free Wi-Fi | ', 'Bar | ', 'Elevator/Lift | ']"",,,,,,,,,,,,,,,,,,,,,,"
"201712261754448996,12/12/20,12/12/2020 10:45:36,Evoke Lifestyle Candolim,Premium | Luxurious Business Stays,https://www.makemytrip.com/hotels/hotel-details?hotelId=201712261754448996&mtkeys=N$$s9rHC9RN7n9XuTAyCzAjwCWxWznL3fPDXaVxkGqx0cmIhgivXoPiGpPx0awhhfGQZnjDDxpYbgHvdBTMfm7avEs09iDs%2BWgXCtBKmZPDXp%2B7fenbr3o0saxB%2F6%2FmQG0exjOVieUfLK%2FqQQ46xebcRhaSIIJ1xwd7h1RBEK5dXTinHX%2FG8eoSRMPCb%2FnZENgfvG3TWbyvDAj0BIilzA5auJLTymCrVhxOl04sfrho05gpBVo2yscxZucmgj6eKLTPY4hOH3RLmLOMWJBXx6JIWOucUcHpc9tAhhZbsRGUWtueznVMp3pZVfl41%2FfDoYOUKkFsLN7UOGC88KyYvP%2BtpdV7n9iT94F5&_uCurrency=INR&checkin=12282020&checkout=12292020&city=CTGOI&cmp=SEO&country=IN&lat=15.5131&lng=73.77119&locusId=CTGOI&locusType=city&modifyDates=true&rank=11&roomStayQualifier=1e0e&searchText=Goa&seoReq=1607001058026,Yes,MySafety,""['Sanitized Environment | ', 'Trained Staff | ', 'Safe Practices | ', 'Safe Dining | ']"",Yes,India, Candolim ., Goa . Near Shanta Durga Temple,""Plot No 252/4, Sequirra Vaddo, Candolim Bardez, Goa . Near Shanta Durga Temple, Candolim ."",""['Free Wi-Fi | ', 'Lawn | ', 'Cafe | ', 'Bar | ']"",3.0/5,3.0/5,,2 PM,""Located in the bustling area of Candolim, Evoke Lifestyle Candolim offers a delightful stay experience adorned with stylish rooms, an elegant swimming pool and a classy restaurant."",Kids can have a fun-filled stay as the outdoor swimming comes with a mini pool specially built for kids.,,,,,,""['Free Wi-Fi | ', 'Lawn | ', 'Cafe | ', 'Bar | ']"",,,,,,,,,,,,,,,,,,,,,,"
"200706051037302000,12/12/20,12/12/2020 10:45:39,Alor Holiday Resort,Premium | Luxurious Business Stays,https://www.makemytrip.com/hotels/hotel-details?hotelId=200706051037302000&mtkeys=N$$s9rHC9RN7n9wZY5gVHk%2FgGYkZeMjxAZeLf7%2Fh4m66Todsv6ENx%2FCFFOz8Z9spjG52gF95ynitBaeqIb5xL%2FJPiWOuwFC1v1C5qhEE3p0BmdC%2FSJADQTnMkhXbcxCVs24K2c6ObYZZPYd7B724yj6sc6iGTd%2FYspZVKYY9uscsHjN%2F%2F3c0HmjhQiOAAwLRJnTwAETUoQ%2BkID5AN27li90fchqCxR8e8my5G%2F5g5QyuX5Kx8BHjtqpPfNurnddZwxM5%2BcIRdVRn49ohKsZP%2B3W%2BKpqlq1zXPYgRRshjQ2v4IySv0bed0MhQIM82WMLY2t8obI1SQcNLhc%3D&_uCurrency=INR&checkin=12282020&checkout=12292020&city=CTGOI&cmp=SEO&country=IN&lat=15.54127&lng=73.76283&locusId=CTGOI&locusType=city&modifyDates=true&rank=12&roomStayQualifier=1e0e&searchText=Goa&seoReq=1607001058026,,,[],Yes,India, Calangute, Naika Vaddo,""Opp Poriat football ground, Naika Vaddo, Calangute"",""['Doctor on Call | ', 'Free Wi-Fi | ', 'Free Parking | ', 'Restaurant | ']"",4.2/5,4.2/5,,1 PM,""Unwind amidst the cool environs of Goa with modern facilities and elegant ambience at Alor Holiday Resort, located few walks away from the sea shore."",Situated just 800 m away from the beautiful sea shore.,,,,,,""['Doctor on Call | ', 'Free Wi-Fi | ', 'Free Parking | ', 'Restaurant | ']"",,,,,,,,,,,,,,,,,,,,,,"
"201107081907392939,12/12/20,12/12/2020 10:46:15,Quality Inn Ocean Palms Goa,Premium | Luxurious Business Stays,https://www.makemytrip.com/hotels/hotel-details?hotelId=201107081907392939&mtkeys=N$$s9rHC9RN7n%2BeBiyS9C4wYqrvyPVO4Vdhidn%2FBYMqq4xF4WTXY%2BfZayzbXnnjo%2BDgf5Rg4x6ALwWTOXoSK0TlK9kAsHveuM8XB4s7G3CHOQ%2BZpKlhFPxKFLs1dAGpyHBio3cGuJlXdExMRmMHCh6Epe9%2FzwV3%2Bt0IWYZ314IF1cjbFO8%2BDFPgtZfFVgznzJVI3arMmBM4THpnUqA%2BjV4pOee5gLYEeD%2Bil4awRWy%2FOvz1ojcCDNbj%2ByR%2Bjb2q5FgHgwRpIOgCSPOuEAUO2%2BhGxPThlkJ17CHZhQxF8Jz1feNKGJpoxx4CfORFvV8tR6Eno%2FWW3iaeCCCargb4HQ7dg%2BwO2PaEoPk2&_uCurrency=INR&checkin=12282020&checkout=12292020&city=CTGOI&cmp=SEO&country=IN&lat=15.533&lng=73.76447&locusId=CTGOI&locusType=city&modifyDates=true&rank=13&roomStayQualifier=1e0e&searchText=Goa&seoReq=1607001058026,,MySafety,""['Sanitized Environment | ', 'Trained Staff | ', 'Safe Practices | ', 'Safe Dining | ']"",Yes,India, Gauravaddo Calangute, Next to Le Meridien,""Opposite to Holiday Street, Next to Le Meridien, Gauravaddo Calangute"",""['Free Parking | ', 'Kids Play Area | ', 'Lawn | ', 'Bar | ']"",4.4/5,4.4/5,2 PM,11 AM,Discover the true Goan verve with modern amenities and exotic views of the landscape at Quality Inn Ocean Palms!,""Embark on a journey of self-discovery with unique wellness programmes designed to rejuvenate mind, body and soul at the on-site spa."",,,,,,""['Free Parking | ', 'Kids Play Area | ', 'Lawn | ', 'Bar | ']"",,,,,,,,,,,,,,,,,,,,,,"
"201802101434333051,12/12/20,12/12/2020 10:46:29,Hotel Celi,Premium | Luxurious Business Stays,https://www.makemytrip.com/hotels/hotel-details?hotelId=201802101434333051&mtkeys=N$$s9rHC9RN7n%2FKOwCMmepbO7UGJyxk8xKar2TogorVHGhRe0zO4synENwJERy2N%2F5W6Fj01hiNy6Rmt%2BvPTtj82hhHJEDFVyRQCZ2ZBQz9%2F14FwNUhsE%2BVCCSOoMkIIy82oP07zzspLG%2BHnXCjOnkqZ42KsL%2Bat%2FAe4AfZZ%2FZMdgtO%2Bmm1KN%2FSUDLXJSzPKMlcLWoJYKXDrLmLj%2F5GAGlFs1myeETRT3cbbFmLwjMu7sut4kwVppZy%2FqSgMLTEc%2BSfqP3Vfkaha0rZpu0Ta36Bg4rdOQajI3qOaIrh2Ht63vfMzuF6UZ%2FbgELS0YFz9HNXg1BjZUPSh2BjycWvpfDrjg%3D%3D&_uCurrency=INR&checkin=12282020&checkout=12292020&city=CTGOI&cmp=SEO&country=IN&lat=15.55687&lng=73.76073&locusId=CTGOI&locusType=city&modifyDates=true&rank=14&roomStayQualifier=1e0e&searchText=Goa&seoReq=1607001058026,Yes,,[],Yes,India, Calangute Beach Parking Slot Goa, Calangute,""5/226 C, Umta Vaddo, Calangute, Calangute Beach Parking Slot Goa"",""['Air Conditioning | ', 'Room Service | ', 'Doctor on Call | ', 'Airport Transfers | ']"",3.7/5,3.7/5,,12 PM,,,,,,,,""['Air Conditioning | ', 'Room Service | ', 'Doctor on Call | ', 'Airport Transfers | ']"",,,,,,,,,,,,,,,,,,,,,,"
"201001151654409599,12/12/20,12/12/2020 10:47:13,Resort Rio,Premium | Luxurious Business Stays,https://www.makemytrip.com/hotels/hotel-details?hotelId=201001151654409599&mtkeys=N$$s9rHC9RN7n%2BbhZJKGgUDLha0LLQ5wsq7kB7fq%2FbQmH0dllISljDaIamS97T7jcEXLAKheZu5ptcVDgPz4BDDdNuG7oY1vXhq%2BFqac3NWHQZ32GBun%2B6p50MZJmtr46AP%2B0VXXcJusWmJOgqMkQzN%2F3P4XO3VuvW7ktQQ9JExmzMdmAIJ%2BJ6PbH%2Fbna%2ByT%2FYsxkSMUDT1AW5jpgpAXztLjvpOSq6NrvmtUn0c0tXPHYtI5EklcclswJR5cTbYgWVdA0GTcVpuTOxuK0C11NNko%2F3jOqYE5M7%2Fudyv9hdN%2Fs2pIKE%2FEkyowqVYeEOUXWwC1lW2cxZDE%2Fs%3D&_uCurrency=INR&checkin=12282020&checkout=12292020&city=CTGOI&cmp=SEO&country=IN&lat=15.56493&lng=73.75915&locusId=CTGOI&locusType=city&modifyDates=true&rank=15&roomStayQualifier=1e0e&searchText=Goa&seoReq=1607001058026,Yes,MySafety,""['Sanitized Environment | ', 'Trained Staff | ', 'Safe Practices | ', 'Safe Dining | ']"",Yes,India, goa, Arpora,""Tambudki, Arpora, goa"",""['Free Parking | ', 'Kids Play Area | ', 'Free Wi-Fi | ', 'Outdoor Sports | ']"",4.2,4.2,,3 PM,Uncover a perfect vacation filed with luxurious hospitality at extremely affordable prices at Resort Rio and experience great nightlife and picturesque sunsets.,Take a dip in the three large swimming pools and relax at the two swim-up bars .,,,,,,""['Free Parking | ', 'Kids Play Area | ', 'Free Wi-Fi | ', 'Outdoor Sports | ']"",,,,,,,,,,,,,,,,,,,,,,"
"201204301501289175,12/12/20,12/12/2020 10:47:22,""Country Inn & Suites by Radisson, Candolim Goa"",Premium | Luxurious Business Stays,https://www.makemytrip.com/hotels/hotel-details?hotelId=201204301501289175&mtkeys=N$$s9rHC9RN7n8LIuLGSj7qdwvz6z%2BTI68%2B6khpZP%2BnlU3MSHl4mZxoiEswe%2FmBDgNUkAVF8R5iYpvQIWW1kd37LfwzhxjnrOD92CU5rDCxUgcxuX3bNoudxKED%2FgVIbkTlPP9Q7WJB31iJAxY4gs3Kvz7Y3p%2F1bCzkxrRizWfTm33y8fwyrS9WMLzq%2FlpJ5hEk00ASGmx6dumY9znsjY6U2On8wCG9eA4WIrg5gVTe3b%2BR1LZhUZzxCUxOLicAQM9Rbb%2FUO%2BWkgtD0bZPt9JqiVeQUjY%2F3UzXczVFd%2F53iOt8k3x0iLGV9qQ9TGzz0tWUuiaJxM5SDULZhcO6DZmN%2FVFgSOYObbALa6x7Gh4r9LPwW1zzHaGxK6EzBG%2BiIvLHw&_uCurrency=INR&checkin=12282020&checkout=12292020&city=CTGOI&cmp=SEO&country=IN&lat=15.51058&lng=73.77179&locusId=CTGOI&locusType=city&modifyDates=true&rank=16&roomStayQualifier=1e0e&searchText=Goa&seoReq=1607001058026,,,[],Yes,India,Bardez- Goa, Candolim,""Bamonvaddo, Candolim,Bardez- Goa"",""['Childcare Services | ', 'Lawn | ', 'Cafe | ', 'Bar | ']"",1.0/5,1.0/5,,2 PM,""Country Inn and Suites by Radisson, Goa surrounded by Palm trees and located on the Candolim Beach imbibes a sense of freshness and rejuvenation which is just what you need for a perfect vacation."",A stoneâ€™s throw away from Candolim Beach and close to the famous Aguada Fort.,,,,,,""['Childcare Services | ', 'Lawn | ', 'Cafe | ', 'Bar | ']"",,,,,,,,,,,,,,,,,,,,,,"
"200701091654253400,12/12/20,12/12/2020 10:47:56,Holiday Inn Resort GOA,Premium | Luxurious Business Stays,https://www.makemytrip.com/hotels/hotel-details?hotelId=200701091654253400&mtkeys=N$$s9rHC9RN7n8WMFMNhRRbXYM3g8US171TzHNVHrHVFeeE9%2BAxiFK9Mc%2BAh6n95pEpTZ2s2IpYELZ3DwykTfuMSEXQ90LiTTtcdUTSLfpZZvPBI6vZ2ios9hEc49YvurqoZCFPEEIevnopbsy6C7Kf2YLdAatiWbSsQnoJVBDMFrCDLMpiT5j2WaKXSHUP375GGNXNhzEvrkaHRDI5%2B2lUkFaZWzn1xwGcrRYvflnJt9G07mm%2BT46D0fRUgXPxx%2FSXBmmViYhPfAUX%2Fi3RvEPRe92BuEojQndjS27qt5INn3uA04%2F27d8HXMuewQGa0743syFEFJL2NcoCec%2FpLL%2BW6ddt5rbsKtwBcid7zCiyVRMiBMCuUGeg9g%3D%3D&_uCurrency=INR&checkin=12282020&checkout=12292020&city=CTGOI&cmp=SEO&country=IN&lat=15.15832&lng=73.94729&locusId=CTGOI&locusType=city&modifyDates=true&rank=17&roomStayQualifier=1e0e&searchText=Goa&seoReq=1607001058026,Yes,,[],Yes,India, Salcete,Cavelossim,""Cavelossim, Salcete"",""['Kids Play Area | ', 'Childcare Services | ', 'Free Wi-Fi | ', 'Outdoor Sports | ']"",4.6/5,4.6/5,,3 PM,""A splendid vacation getaway, Holiday Inn Resort, Goa offers beautiful Mobor Beach views, incredible rooms and dedicated hospitality."",""The rooms offer a plethora of views, including views of lush green gardens, the pool and the Arabian Sea."",,,,,,""['Kids Play Area | ', 'Childcare Services | ', 'Free Wi-Fi | ', 'Outdoor Sports | ']"",,,,,,,,,,,,,,,,,,,,,,"
"200701091654253400,12/12/20,12/12/2020 10:47:56,Holiday Inn Resort GOA,Premium | Luxurious Business Stays,https://www.makemytrip.com/hotels/hotel-details?hotelId=200701091654253400&mtkeys=N$$s9rHC9RN7n8WMFMNhRRbXYM3g8US171TzHNVHrHVFeeE9%2BAxiFK9Mc%2BAh6n95pEpTZ2s2IpYELZ3DwykTfuMSEXQ90LiTTtcdUTSLfpZZvPBI6vZ2ios9hEc49YvurqoZCFPEEIevnopbsy6C7Kf2YLdAatiWbSsQnoJVBDMFrCDLMpiT5j2WaKXSHUP375GGNXNhzEvrkaHRDI5%2B2lUkFaZWzn1xwGcrRYvflnJt9G07mm%2BT46D0fRUgXPxx%2FSXBmmViYhPfAUX%2Fi3RvEPRe92BuEojQndjS27qt5INn3uA04%2F27d8HXMuewQGa0743syFEFJL2NcoCec%2FpLL%2BW6ddt5rbsKtwBcid7zCiyVRMiBMCuUGeg9g%3D%3D&_uCurrency=INR&checkin=12282020&checkout=12292020&city=CTGOI&cmp=SEO&country=IN&lat=15.15832&lng=73.94729&locusId=CTGOI&locusType=city&modifyDates=true&rank=17&roomStayQualifier=1e0e&searchText=Goa&seoReq=1607001058026,Yes,,[],Yes,India, Salcete,Cavelossim,""Cavelossim, Salcete"",""['Kids Play Area | ', 'Childcare Services | ', 'Free Wi-Fi | ', 'Outdoor Sports | ']"",4.6/5,4.6/5,,3 PM,""A splendid vacation getaway, Holiday Inn Resort, Goa offers beautiful Mobor Beach views, incredible rooms and dedicated hospitality."",""The rooms offer a plethora of views, including views of lush green gardens, the pool and the Arabian Sea."",,,,,,""['Kids Play Area | ', 'Childcare Services | ', 'Free Wi-Fi | ', 'Outdoor Sports | ']"",,,,,,,,,,,,,,,,,,,,,,"
"200701091654253400,12/12/20,12/12/2020 10:47:56,Holiday Inn Resort GOA,Premium | Luxurious Business Stays,https://www.makemytrip.com/hotels/hotel-details?hotelId=200701091654253400&mtkeys=N$$s9rHC9RN7n8WMFMNhRRbXYM3g8US171TzHNVHrHVFeeE9%2BAxiFK9Mc%2BAh6n95pEpTZ2s2IpYELZ3DwykTfuMSEXQ90LiTTtcdUTSLfpZZvPBI6vZ2ios9hEc49YvurqoZCFPEEIevnopbsy6C7Kf2YLdAatiWbSsQnoJVBDMFrCDLMpiT5j2WaKXSHUP375GGNXNhzEvrkaHRDI5%2B2lUkFaZWzn1xwGcrRYvflnJt9G07mm%2BT46D0fRUgXPxx%2FSXBmmViYhPfAUX%2Fi3RvEPRe92BuEojQndjS27qt5INn3uA04%2F27d8HXMuewQGa0743syFEFJL2NcoCec%2FpLL%2BW6ddt5rbsKtwBcid7zCiyVRMiBMCuUGeg9g%3D%3D&_uCurrency=INR&checkin=12282020&checkout=12292020&city=CTGOI&cmp=SEO&country=IN&lat=15.15832&lng=73.94729&locusId=CTGOI&locusType=city&modifyDates=true&rank=17&roomStayQualifier=1e0e&searchText=Goa&seoReq=1607001058026,Yes,,[],Yes,India, Salcete,Cavelossim,""Cavelossim, Salcete"",""['Kids Play Area | ', 'Childcare Services | ', 'Free Wi-Fi | ', 'Outdoor Sports | ']"",4.6/5,4.6/5,,3 PM,""A splendid vacation getaway, Holiday Inn Resort, Goa offers beautiful Mobor Beach views, incredible rooms and dedicated hospitality."",""The rooms offer a plethora of views, including views of lush green gardens, the pool and the Arabian Sea."",,,,,,""['Kids Play Area | ', 'Childcare Services | ', 'Free Wi-Fi | ', 'Outdoor Sports | ']"",,,,,,,,,,,,,,,,,,,,,,"
"200701091654253400,12/12/20,12/12/2020 10:47:56,Holiday Inn Resort GOA,Premium | Luxurious Business Stays,https://www.makemytrip.com/hotels/hotel-details?hotelId=200701091654253400&mtkeys=N$$s9rHC9RN7n8WMFMNhRRbXYM3g8US171TzHNVHrHVFeeE9%2BAxiFK9Mc%2BAh6n95pEpTZ2s2IpYELZ3DwykTfuMSEXQ90LiTTtcdUTSLfpZZvPBI6vZ2ios9hEc49YvurqoZCFPEEIevnopbsy6C7Kf2YLdAatiWbSsQnoJVBDMFrCDLMpiT5j2WaKXSHUP375GGNXNhzEvrkaHRDI5%2B2lUkFaZWzn1xwGcrRYvflnJt9G07mm%2BT46D0fRUgXPxx%2FSXBmmViYhPfAUX%2Fi3RvEPRe92BuEojQndjS27qt5INn3uA04%2F27d8HXMuewQGa0743syFEFJL2NcoCec%2FpLL%2BW6ddt5rbsKtwBcid7zCiyVRMiBMCuUGeg9g%3D%3D&_uCurrency=INR&checkin=12282020&checkout=12292020&city=CTGOI&cmp=SEO&country=IN&lat=15.15832&lng=73.94729&locusId=CTGOI&locusType=city&modifyDates=true&rank=17&roomStayQualifier=1e0e&searchText=Goa&seoReq=1607001058026,Yes,,[],Yes,India, Salcete,Cavelossim,""Cavelossim, Salcete"",""['Kids Play Area | ', 'Childcare Services | ', 'Free Wi-Fi | ', 'Outdoor Sports | ']"",4.6/5,4.6/5,,3 PM,""A splendid vacation getaway, Holiday Inn Resort, Goa offers beautiful Mobor Beach views, incredible rooms and dedicated hospitality."",""The rooms offer a plethora of views, including views of lush green gardens, the pool and the Arabian Sea."",,,,,,""['Kids Play Area | ', 'Childcare Services | ', 'Free Wi-Fi | ', 'Outdoor Sports | ']"",,,,,,,,,,,,,,,,,,,,,,"
